employee_id,store_id,first_name,last_name,email,job_title,salary,created_timestamp,updated_timestamp,is_active
251,17,James,Smith,james.smith.251@example.com,Retail buyer,51944.44,2027-01-02 21:01:05,2027-01-10 21:01:05,Y
252,15,Michael,Flores,michael.flores.252@example.com,"Physicist, medical",37901.28,2027-01-24 11:35:34,2027-01-31 23:59:59,Y
253,1,Kayla,Allen,kayla.allen.253@example.com,Radio producer,94570.04,2027-01-25 11:13:06,2027-01-31 23:59:59,Y
254,2,Rebecca,Martin,rebecca.martin.254@example.com,"Psychologist, forensic",123773.38,2027-01-07 06:20:30,2027-01-31 23:59:59,Y
255,5,Angel,Foster,angel.foster.255@example.com,Proofreader,139575.4,2027-01-06 11:07:48,2027-01-31 23:59:59,Y
256,20,Dominique,Farmer,dominique.farmer.256@example.com,"Education officer, museum",144383.56,2027-01-15 09:03:48,2027-01-31 23:59:59,Y
257,22,Miguel,Hill,miguel.hill.257@example.com,Hydrographic surveyor,112092.78,2027-01-02 19:52:13,2027-01-31 23:59:59,Y
258,12,Nicholas,Campbell,nicholas.campbell.258@example.com,Paramedic,107444.8,2027-01-11 16:09:58,2027-01-28 16:09:58,Y
259,25,Timothy,Christensen,timothy.christensen.259@example.com,Jewellery designer,103130.29,2027-01-17 03:52:39,2027-01-31 23:59:59,Y
260,9,Nicole,Christian,nicole.christian.260@example.com,Lexicographer,113539.19,2027-01-15 23:28:47,2027-01-31 23:59:59,Y
261,15,Sherry,Johnson,sherry.johnson.261@example.com,"Conservation officer, nature",70303.86,2027-01-06 23:24:48,2027-01-31 23:59:59,Y
262,19,Robert,James,robert.james.262@example.com,Clinical biochemist,34251.95,2027-01-14 15:50:02,2027-01-31 23:59:59,Y
263,13,Robert,Cross,robert.cross.263@example.com,"Education officer, museum",117887.64,2027-01-14 13:49:25,2027-01-31 13:49:25,Y
264,11,Thomas,Murray,thomas.murray.264@example.com,Immunologist,88057.12,2027-01-24 11:47:04,2027-01-31 23:59:59,Y
265,7,Tyler,Davis,tyler.davis.265@example.com,Location manager,81480.39,2027-01-02 20:30:50,2027-01-31 23:59:59,Y
266,13,Jacqueline,Smith,jacqueline.smith.266@example.com,Animator,126855.41,2027-01-31 01:52:49,2027-01-31 23:59:59,Y
267,9,Roberto,Ingram,roberto.ingram.267@example.com,Solicitor,111806.71,2027-01-26 20:10:30,2027-01-31 23:59:59,Y
268,10,Michelle,James,michelle.james.268@example.com,Jewellery designer,147378.16,2027-01-02 15:19:17,2027-01-31 23:59:59,Y
269,21,David,Owens,david.owens.269@example.com,"Teacher, music",117027.25,2027-01-01 06:47:22,2027-01-31 23:59:59,Y
270,21,Craig,Ramirez,craig.ramirez.270@example.com,Stage manager,82228.74,2027-01-18 23:08:57,2027-01-31 23:59:59,Y
271,25,Wesley,Hernandez,wesley.hernandez.271@example.com,"Engineer, building services",83147.09,2027-01-07 06:24:51,2027-01-31 23:59:59,Y
272,23,Adam,Patterson,adam.patterson.272@example.com,"Programmer, systems",126314.29,2027-01-15 05:32:40,2027-01-31 23:59:59,Y
273,22,Alexander,Gregory,alexander.gregory.273@example.com,Video editor,129292.28,2027-01-13 00:29:34,2027-01-31 23:59:59,Y
274,15,Samuel,Chase,samuel.chase.274@example.com,"Education officer, museum",147235.84,2027-01-20 16:49:53,2027-01-31 23:59:59,Y
275,2,Blake,Smith,blake.smith.275@example.com,Intelligence analyst,131427.04,2027-01-31 12:29:30,2027-01-31 23:59:59,Y
276,12,Amanda,Krueger,amanda.krueger.276@example.com,"Accountant, chartered management",39189.7,2027-01-03 21:49:10,2027-01-31 23:59:59,Y
277,8,Margaret,Tanner,margaret.tanner.277@example.com,Radio producer,61734.64,2027-01-15 16:38:43,2027-01-31 23:59:59,Y
278,4,Lisa,Hawkins,lisa.hawkins.278@example.com,Secretary/administrator,35949.96,2027-01-20 03:07:40,2027-01-31 23:59:59,Y
279,5,Elizabeth,Boyd,elizabeth.boyd.279@example.com,Plant breeder/geneticist,60600.36,2027-01-12 12:23:41,2027-01-29 12:23:41,Y
280,15,Jon,Chavez,jon.chavez.280@example.com,Chief Strategy Officer,105179.45,2027-01-21 21:46:35,2027-01-31 23:59:59,Y
281,14,Travis,Johnson,travis.johnson.281@example.com,Sub,82452.51,2027-01-27 01:04:31,2027-01-31 23:59:59,Y
282,7,Karla,Lewis,karla.lewis.282@example.com,Sports coach,108403.18,2027-01-04 12:12:08,2027-01-11 12:12:08,Y
283,21,Diana,Chaney,diana.chaney.283@example.com,"Development worker, international aid",129913.6,2027-01-25 08:29:17,2027-01-31 23:59:59,Y
284,5,Jerry,Thornton,jerry.thornton.284@example.com,"Programmer, applications",126044.29,2027-01-15 21:54:57,2027-01-31 23:59:59,Y
285,18,Jeremiah,Olson,jeremiah.olson.285@example.com,Training and development officer,41945.37,2027-01-27 10:40:31,2027-01-31 23:59:59,Y
286,9,Julie,Rojas,julie.rojas.286@example.com,"Nurse, mental health",123509.29,2027-01-09 05:47:18,2027-01-31 23:59:59,Y
287,25,Alex,Kline,alex.kline.287@example.com,Statistician,114121.77,2027-01-12 18:43:10,2027-01-31 23:59:59,Y
288,14,Karen,Newton,karen.newton.288@example.com,"Psychologist, counselling",136350.16,2027-01-07 10:29:44,2027-01-09 10:29:44,Y
289,10,Joseph,Hudson,joseph.hudson.289@example.com,Environmental consultant,40227.44,2027-01-05 00:05:34,2027-01-31 23:59:59,Y
290,10,Justin,Davis,justin.davis.290@example.com,Chief Strategy Officer,144523.26,2027-01-06 23:47:46,2027-01-31 23:59:59,Y
291,8,Andrew,Peterson,andrew.peterson.291@example.com,"Programmer, applications",101898.83,2027-01-21 13:34:43,2027-01-31 23:59:59,Y
292,22,Jennifer,Short,jennifer.short.292@example.com,Clinical biochemist,138660.78,2027-01-08 07:34:39,2027-01-11 07:34:39,Y
293,22,Frances,Taylor,frances.taylor.293@example.com,"Scientist, research (physical sciences)",82432.45,2027-01-08 03:24:18,2027-01-20 03:24:18,Y
294,25,Sylvia,Rasmussen,sylvia.rasmussen.294@example.com,Research scientist (life sciences),75281.64,2027-01-24 08:59:10,2027-01-30 08:59:10,Y
295,23,Grant,Guerra,grant.guerra.295@example.com,Fast food restaurant manager,134366.35,2027-01-04 03:30:14,2027-01-31 23:59:59,Y
296,8,Bradley,Smith,bradley.smith.296@example.com,Fast food restaurant manager,33099.58,2027-01-09 22:36:50,2027-01-18 22:36:50,Y
297,4,Diana,Powell,diana.powell.297@example.com,"Accountant, chartered certified",67053.57,2027-01-22 08:32:36,2027-01-31 23:59:59,Y
298,2,Kim,Tucker,kim.tucker.298@example.com,Writer,117122.24,2027-01-27 23:17:44,2027-01-31 23:59:59,Y
299,6,Nicole,Contreras,nicole.contreras.299@example.com,Oceanographer,46940.98,2027-01-23 06:01:24,2027-01-31 23:59:59,Y
300,5,Emily,Guzman,emily.guzman.300@example.com,"Scientist, audiological",86247.93,2027-01-12 16:00:27,2027-01-31 23:59:59,Y
301,17,Tim,Scott,tim.scott.301@example.com,Chartered accountant,138637.22,2027-01-18 00:17:31,2027-01-31 23:59:59,Y
302,11,Melissa,Duran,melissa.duran.302@example.com,Information systems manager,148638.79,2027-01-24 18:32:00,2027-01-31 23:59:59,Y
303,17,Charles,Riggs,charles.riggs.303@example.com,"Education officer, museum",79041.27,2027-01-26 23:04:11,2027-01-31 23:59:59,Y
304,1,Amanda,Merritt,amanda.merritt.304@example.com,"Research officer, trade union",31884.53,2027-01-22 05:06:26,2027-01-31 23:59:59,Y
305,22,Paul,Miranda,paul.miranda.305@example.com,Solicitor,117023.28,2027-01-14 01:13:54,2027-01-31 23:59:59,Y
306,15,Devin,Bowen,devin.bowen.306@example.com,"Surveyor, mining",137241.42,2027-01-01 08:28:21,2027-01-25 08:28:21,Y
307,21,Jeremy,Brown,jeremy.brown.307@example.com,"Programmer, applications",64745.44,2027-01-14 01:12:52,2027-01-21 01:12:52,Y
308,25,Benjamin,Adams,benjamin.adams.308@example.com,Minerals surveyor,119467.9,2027-01-29 23:27:03,2027-01-31 23:59:59,Y
309,4,Joanna,Best,joanna.best.309@example.com,Herbalist,58812.56,2027-01-27 06:35:17,2027-01-31 23:59:59,Y
310,1,Rebecca,Mcdonald,rebecca.mcdonald.310@example.com,Environmental consultant,78770.95,2027-01-10 13:57:34,2027-01-14 13:57:34,Y
311,22,Tyler,Arnold,tyler.arnold.311@example.com,Social researcher,76420.64,2027-01-02 21:14:29,2027-01-31 23:59:59,Y
312,2,Cathy,Huff,cathy.huff.312@example.com,Social researcher,101189.4,2027-01-26 17:48:22,2027-01-31 23:59:59,Y
313,21,Michael,Burns,michael.burns.313@example.com,Information systems manager,70703.18,2027-01-24 19:26:03,2027-01-31 23:59:59,Y
314,1,Crystal,Charles,crystal.charles.314@example.com,Commissioning editor,75525.99,2027-01-13 17:51:44,2027-01-31 23:59:59,Y
315,4,Jennifer,Little,jennifer.little.315@example.com,Risk analyst,70665.44,2027-01-02 03:03:30,2027-01-22 03:03:30,Y
316,23,Caleb,Lewis,caleb.lewis.316@example.com,"Designer, blown glass/stained glass",125729.26,2027-01-27 20:12:53,2027-01-31 23:59:59,Y
317,8,Christopher,Roberts,christopher.roberts.317@example.com,"Engineer, manufacturing",137622.08,2027-01-16 02:07:22,2027-01-21 02:07:22,Y
318,3,Stephen,Suarez,stephen.suarez.318@example.com,Tax adviser,99812.53,2027-01-18 06:54:15,2027-01-20 06:54:15,Y
319,6,Miguel,Ross,miguel.ross.319@example.com,Conference centre manager,56439.72,2027-01-28 22:35:29,2027-01-31 23:59:59,Y
320,19,Lauren,Stevens,lauren.stevens.320@example.com,TEFL teacher,91464.28,2027-01-25 22:05:52,2027-01-31 23:59:59,Y
321,7,Sarah,Chang,sarah.chang.321@example.com,Social researcher,92107.39,2027-01-30 23:56:26,2027-01-31 23:59:59,Y
322,4,David,Nicholson,david.nicholson.322@example.com,Dealer,36679.87,2027-01-17 15:44:23,2027-01-31 23:59:59,Y
323,25,Karen,Thompson,karen.thompson.323@example.com,Proofreader,87362.71,2027-01-04 22:56:13,2027-01-12 22:56:13,Y
324,25,Jennifer,Williamson,jennifer.williamson.324@example.com,Database administrator,110104.57,2027-01-05 22:01:26,2027-01-31 23:59:59,Y
325,21,Christy,Nelson,christy.nelson.325@example.com,Airline pilot,92819.49,2027-01-07 00:38:48,2027-01-31 23:59:59,Y
326,1,Stephanie,Pham,stephanie.pham.326@example.com,Research scientist (life sciences),54977.61,2027-01-23 15:58:29,2027-01-31 23:59:59,Y
327,25,Laura,Herman,laura.herman.327@example.com,"Surveyor, hydrographic",114965.62,2027-01-15 22:45:30,2027-01-31 22:45:30,Y
328,3,David,Romero,david.romero.328@example.com,Clinical biochemist,93950.64,2027-01-06 17:17:19,2027-01-08 17:17:19,Y
329,20,Kelly,Herrera,kelly.herrera.329@example.com,Landscape architect,31845.11,2027-01-14 00:54:34,2027-01-22 00:54:34,Y
330,9,Andrew,Garcia,andrew.garcia.330@example.com,"Surveyor, mining",76891.61,2027-01-15 04:13:37,2027-01-31 23:59:59,Y
331,19,Eric,Walker,eric.walker.331@example.com,Housing manager/officer,43086.76,2027-01-26 12:09:08,2027-01-31 23:59:59,Y
332,11,Debra,Weber,debra.weber.332@example.com,Social researcher,145486.97,2027-01-17 18:48:11,2027-01-31 23:59:59,Y
333,5,Jeffrey,Moore,jeffrey.moore.333@example.com,Production manager,94182.26,2027-01-22 08:05:03,2027-01-31 23:59:59,Y
334,19,Carlos,Marshall,carlos.marshall.334@example.com,"Development worker, international aid",74219.04,2027-01-12 18:55:10,2027-01-31 23:59:59,Y
335,16,Jacob,Cooley,jacob.cooley.335@example.com,Risk analyst,61212.1,2027-01-10 03:26:42,2027-01-31 23:59:59,Y
336,21,Brandon,Reed,brandon.reed.336@example.com,"Teacher, music",84150.33,2027-01-17 18:19:00,2027-01-31 18:19:00,Y
337,14,Barbara,Walters,barbara.walters.337@example.com,Production engineer,57830.49,2027-01-30 09:39:43,2027-01-31 23:59:59,Y
338,23,Donna,Cooper,donna.cooper.338@example.com,"Physicist, medical",46797.99,2027-01-31 16:24:03,2027-01-31 23:59:59,Y
339,8,Randall,Chandler,randall.chandler.339@example.com,Paramedic,120203.74,2027-01-28 21:52:04,2027-01-31 23:59:59,Y
340,12,Edward,Moore,edward.moore.340@example.com,"Surveyor, mining",34170.19,2027-01-31 18:15:27,2027-01-31 23:59:59,Y
341,11,Alejandro,Clark,alejandro.clark.341@example.com,Marketing executive,52875.66,2027-01-12 20:56:13,2027-01-31 23:59:59,Y
342,7,Michael,Walters,michael.walters.342@example.com,Oceanographer,56746.68,2027-01-12 20:20:03,2027-01-29 20:20:03,Y
343,20,Emily,Williams,emily.williams.343@example.com,Personnel officer,116000.06,2027-01-16 11:16:21,2027-01-31 23:59:59,Y
344,6,Richard,Perez,richard.perez.344@example.com,Financial trader,86374.46,2027-01-28 08:12:14,2027-01-31 23:59:59,Y
345,14,James,King,james.king.345@example.com,Automotive engineer,61965.68,2027-01-10 01:40:27,2027-01-31 23:59:59,Y
346,3,Richard,Romero,richard.romero.346@example.com,Applications developer,146012.68,2027-01-08 09:38:08,2027-01-31 23:59:59,Y
347,21,Carlos,Schwartz,carlos.schwartz.347@example.com,"Psychologist, counselling",33838.51,2027-01-15 22:52:33,2027-01-31 23:59:59,Y
348,11,Michael,Byrd,michael.byrd.348@example.com,Merchant navy officer,77880.56,2027-01-01 07:35:54,2027-01-12 07:35:54,Y
349,6,Gary,Wells,gary.wells.349@example.com,Research scientist (life sciences),56038.83,2027-01-12 09:12:10,2027-01-17 09:12:10,Y
350,8,Lonnie,Fitzgerald,lonnie.fitzgerald.350@example.com,"Social research officer, government",40479.11,2027-01-28 01:42:12,2027-01-31 23:59:59,Y
351,20,Benjamin,Pennington,benjamin.pennington.351@example.com,Chief Strategy Officer,96116.77,2027-01-29 02:05:57,2027-01-31 23:59:59,Y
352,20,Gary,Lee,gary.lee.352@example.com,"Psychotherapist, dance movement",107925.32,2027-01-03 11:18:49,2027-01-31 23:59:59,Y
353,1,Michael,Jones,michael.jones.353@example.com,"Engineer, building services",105650.27,2027-01-25 11:12:39,2027-01-30 11:12:39,Y
354,18,John,Williams,john.williams.354@example.com,Oceanographer,109743.97,2027-01-11 03:27:02,2027-01-31 23:59:59,Y
355,3,Timothy,Stafford,timothy.stafford.355@example.com,Sports administrator,144826.85,2027-01-06 02:30:09,2027-01-30 02:30:09,Y
356,11,Andrew,Luna,andrew.luna.356@example.com,"Psychotherapist, dance movement",39159.14,2027-01-28 21:49:42,2027-01-31 23:59:59,Y
357,24,Elizabeth,Nichols,elizabeth.nichols.357@example.com,"Optician, dispensing",55196.51,2027-01-20 20:57:18,2027-01-31 23:59:59,Y
358,16,Corey,Schmidt,corey.schmidt.358@example.com,"Accountant, chartered",148009.03,2027-01-31 09:28:42,2027-01-31 23:59:59,Y
359,3,Hannah,Baxter,hannah.baxter.359@example.com,Stage manager,76174.48,2027-01-29 19:44:46,2027-01-31 23:59:59,Y
360,10,Nicholas,Brown,nicholas.brown.360@example.com,"Horticulturist, commercial",123671.99,2027-01-18 00:25:56,2027-01-31 23:59:59,Y
361,7,Daniel,Powell,daniel.powell.361@example.com,Location manager,136549.23,2027-01-09 04:17:57,2027-01-31 23:59:59,Y
362,10,Darlene,Moore,darlene.moore.362@example.com,"Engineer, automotive",96117.6,2027-01-08 17:39:36,2027-01-30 17:39:36,Y
363,3,Denise,Mccullough,denise.mccullough.363@example.com,"Education officer, museum",34831.29,2027-01-05 06:29:49,2027-01-24 06:29:49,Y
364,12,Joseph,Mcbride,joseph.mcbride.364@example.com,Sports coach,59204.69,2027-01-05 05:38:08,2027-01-31 23:59:59,Y
365,5,Maria,Haas,maria.haas.365@example.com,Personnel officer,79343.97,2027-01-16 04:41:20,2027-01-31 23:59:59,Y
366,17,Donna,Andrews,donna.andrews.366@example.com,Forensic psychologist,144602.9,2027-01-04 14:25:27,2027-01-19 14:25:27,Y
367,12,Michael,Lewis,michael.lewis.367@example.com,Tax adviser,43836.66,2027-01-04 02:37:43,2027-01-15 02:37:43,Y
368,10,Christopher,Pruitt,christopher.pruitt.368@example.com,Chartered management accountant,56992.7,2027-01-19 14:35:32,2027-01-31 23:59:59,Y
369,12,Danielle,Young,danielle.young.369@example.com,"Doctor, hospital",83427.52,2027-01-01 13:11:57,2027-01-31 23:59:59,Y
370,22,Tracy,King,tracy.king.370@example.com,Statistician,127518.93,2027-01-26 06:06:32,2027-01-31 23:59:59,Y
371,16,Jason,Rodriguez,jason.rodriguez.371@example.com,Television floor manager,64663.02,2027-01-03 21:31:49,2027-01-17 21:31:49,Y
372,2,Michael,Smith,michael.smith.372@example.com,Community education officer,149322.5,2027-01-03 04:56:00,2027-01-14 04:56:00,Y
373,6,Justin,Brown,justin.brown.373@example.com,"Accountant, chartered certified",146991.23,2027-01-16 11:07:42,2027-01-31 23:59:59,Y
374,17,Gregory,Noble,gregory.noble.374@example.com,Sports coach,102775.68,2027-01-13 08:53:03,2027-01-31 23:59:59,Y
375,1,Michelle,Jimenez,michelle.jimenez.375@example.com,"Psychologist, clinical",102047.28,2027-01-04 00:45:51,2027-01-31 23:59:59,Y
376,23,Matthew,Herring,matthew.herring.376@example.com,Horticultural therapist,44555.2,2027-01-25 10:55:30,2027-01-31 23:59:59,Y
377,5,John,Perez,john.perez.377@example.com,"Engineer, automotive",62025.94,2027-01-22 23:53:41,2027-01-31 23:59:59,Y
378,17,Benjamin,Allen,benjamin.allen.378@example.com,Records manager,83766.19,2027-01-05 16:19:36,2027-01-31 23:59:59,Y
379,4,Jessica,Garcia,jessica.garcia.379@example.com,Management consultant,62951.75,2027-01-14 08:59:56,2027-01-31 23:59:59,Y
380,20,Jacob,Perkins,jacob.perkins.380@example.com,Land/geomatics surveyor,129672.59,2027-01-20 23:19:40,2027-01-31 23:59:59,Y
381,10,Lindsay,Webb,lindsay.webb.381@example.com,Chartered certified accountant,53678.63,2027-01-08 06:40:48,2027-01-23 06:40:48,Y
382,11,Julian,Flores,julian.flores.382@example.com,Art gallery manager,85707.92,2027-01-15 03:48:38,2027-01-31 23:59:59,Y
383,21,Jodi,Golden,jodi.golden.383@example.com,Chief Strategy Officer,35110.83,2027-01-24 02:57:01,2027-01-31 23:59:59,Y
384,7,Megan,Rhodes,megan.rhodes.384@example.com,Building surveyor,112207.81,2027-01-07 14:36:53,2027-01-31 23:59:59,Y
385,11,Brian,Vincent,brian.vincent.385@example.com,Primary school teacher,78662.37,2027-01-28 15:16:21,2027-01-31 23:59:59,Y
386,24,Barbara,Thomas,barbara.thomas.386@example.com,Rural practice surveyor,39339.91,2027-01-01 05:50:54,2027-01-15 05:50:54,Y
387,10,Andrew,French,andrew.french.387@example.com,"Loss adjuster, chartered",91477.73,2027-01-10 16:26:42,2027-01-31 23:59:59,Y
388,23,Angela,Davis,angela.davis.388@example.com,Dealer,60006.7,2027-01-22 15:44:00,2027-01-31 23:59:59,Y
389,19,John,Andersen,john.andersen.389@example.com,Dance movement psychotherapist,99745.51,2027-01-20 00:39:56,2027-01-28 00:39:56,Y
390,2,Andre,Miller,andre.miller.390@example.com,"Programmer, applications",62493.55,2027-01-06 14:29:17,2027-01-31 23:59:59,Y
391,5,Patricia,Cortez,patricia.cortez.391@example.com,Counsellor,115894.59,2027-01-14 13:47:44,2027-01-31 23:59:59,Y
392,12,Rebecca,Gregory,rebecca.gregory.392@example.com,Art gallery manager,121166.82,2027-01-13 05:03:50,2027-01-20 05:03:50,Y
393,16,Kaitlyn,Davenport,kaitlyn.davenport.393@example.com,"Programmer, applications",104086.3,2027-01-12 20:58:59,2027-01-31 23:59:59,Y
394,19,Kaylee,Pierce,kaylee.pierce.394@example.com,Probation officer,61472.32,2027-01-02 12:53:33,2027-01-05 12:53:33,Y
395,23,Tara,Fleming,tara.fleming.395@example.com,Production manager,81665.94,2027-01-24 05:48:44,2027-01-31 23:59:59,Y
396,5,Johnny,Wagner,johnny.wagner.396@example.com,Customer service manager,42254.43,2027-01-10 23:51:23,2027-01-16 23:51:23,Y
397,17,Zachary,Gregory,zachary.gregory.397@example.com,Television production assistant,121777.53,2027-01-07 08:30:58,2027-01-31 23:59:59,Y
398,6,Stephanie,Johnson,stephanie.johnson.398@example.com,"Administrator, local government",137908.52,2027-01-18 17:35:34,2027-01-31 23:59:59,Y
399,5,Jorge,Galvan,jorge.galvan.399@example.com,Software engineer,80539.73,2027-01-06 09:57:04,2027-01-31 23:59:59,Y
400,20,Kristin,Lawrence,kristin.lawrence.400@example.com,Community education officer,76931.2,2027-01-14 11:21:40,2027-01-31 23:59:59,Y
401,22,Erin,Lucas,erin.lucas.401@example.com,Broadcast presenter,50045.16,2027-01-09 03:46:26,2027-01-31 23:59:59,Y
402,21,John,Deleon,john.deleon.402@example.com,Clinical biochemist,77040.79,2027-01-06 21:06:11,2027-01-31 23:59:59,Y
403,18,Thomas,Montgomery,thomas.montgomery.403@example.com,Software engineer,54705.41,2027-01-04 18:05:49,2027-01-31 23:59:59,Y
404,24,Deborah,Sosa,deborah.sosa.404@example.com,Retail manager,135474.94,2027-01-27 08:53:03,2027-01-31 23:59:59,Y
405,21,Marilyn,Ward,marilyn.ward.405@example.com,Telecommunications researcher,47508.29,2027-01-19 12:12:10,2027-01-31 23:59:59,Y
406,24,Michael,Woods,michael.woods.406@example.com,"Social research officer, government",107915.61,2027-01-21 13:20:47,2027-01-31 23:59:59,Y
407,16,Richard,Harvey,richard.harvey.407@example.com,Landscape architect,127056.05,2027-01-11 07:30:08,2027-01-31 23:59:59,Y
408,19,Sandra,Carr,sandra.carr.408@example.com,Chartered management accountant,97718.04,2027-01-19 03:17:04,2027-01-31 23:59:59,Y
409,24,Jorge,Gray,jorge.gray.409@example.com,Teaching laboratory technician,58682.68,2027-01-07 07:29:33,2027-01-31 23:59:59,Y
410,15,Margaret,Martin,margaret.martin.410@example.com,Retail merchandiser,51216.72,2027-01-23 04:20:05,2027-01-31 23:59:59,Y
411,1,Christina,Williams,christina.williams.411@example.com,Paramedic,54593.75,2027-01-11 11:40:52,2027-01-23 11:40:52,Y
412,21,Wanda,Byrd,wanda.byrd.412@example.com,Sports development officer,113825.82,2027-01-12 17:15:09,2027-01-31 23:59:59,Y
413,2,James,Green,james.green.413@example.com,Call centre manager,142933.99,2027-01-14 13:08:41,2027-01-31 23:59:59,Y
414,11,Evan,White,evan.white.414@example.com,Broadcast presenter,111724.46,2027-01-18 23:15:19,2027-01-31 23:59:59,Y
415,8,Michaela,Hardin,michaela.hardin.415@example.com,"Doctor, hospital",120598.07,2027-01-17 04:51:50,2027-01-31 23:59:59,Y
416,13,Kelly,White,kelly.white.416@example.com,"Clinical scientist, histocompatibility and immunogenetics",92198.83,2027-01-29 15:33:25,2027-01-31 23:59:59,Y
417,14,John,Brown,john.brown.417@example.com,Research scientist (life sciences),103957.41,2027-01-30 00:24:14,2027-01-31 23:59:59,Y
418,4,Ann,Evans,ann.evans.418@example.com,"Programmer, applications",146832.86,2027-01-05 05:07:46,2027-01-31 23:59:59,Y
419,5,Yolanda,Little,yolanda.little.419@example.com,Conference centre manager,50648.04,2027-01-20 08:14:35,2027-01-31 23:59:59,Y
420,8,Tara,Baker,tara.baker.420@example.com,Photographer,63426.22,2027-01-11 06:30:08,2027-01-31 23:59:59,Y
421,23,Ryan,Knight,ryan.knight.421@example.com,Secondary school teacher,59813.62,2027-01-17 22:31:54,2027-01-31 23:59:59,Y
422,2,Jared,Brown,jared.brown.422@example.com,Commissioning editor,127461.4,2027-01-28 13:28:19,2027-01-31 23:59:59,Y
423,10,Theresa,Rogers,theresa.rogers.423@example.com,Intelligence analyst,32033.83,2027-01-27 05:18:27,2027-01-30 05:18:27,Y
424,12,Martha,Kelly,martha.kelly.424@example.com,"Conservation officer, nature",90141.04,2027-01-24 01:16:22,2027-01-27 01:16:22,Y
425,21,Michael,Perry,michael.perry.425@example.com,"Accountant, chartered certified",136670.01,2027-01-24 18:14:39,2027-01-31 23:59:59,Y
426,12,Alexandra,Campbell,alexandra.campbell.426@example.com,"Psychotherapist, dance movement",38640.67,2027-01-07 20:51:54,2027-01-12 20:51:54,Y
427,13,Janet,Brooks,janet.brooks.427@example.com,"Teacher, English as a foreign language",108352.46,2027-01-11 21:29:31,2027-01-27 21:29:31,Y
428,9,Sarah,Johnson,sarah.johnson.428@example.com,Television floor manager,98067.23,2027-01-12 09:07:54,2027-01-31 23:59:59,Y
429,25,Ryan,Jarvis,ryan.jarvis.429@example.com,Retail buyer,100228.12,2027-01-15 08:38:13,2027-01-31 23:59:59,Y
430,1,James,Todd,james.todd.430@example.com,"Engineer, land",131695.04,2027-01-04 09:17:08,2027-01-31 23:59:59,Y
431,12,Nathan,Nguyen,nathan.nguyen.431@example.com,"Education officer, community",78623.4,2027-01-02 04:30:05,2027-01-13 04:30:05,Y
432,25,Amanda,Hamilton,amanda.hamilton.432@example.com,Make,111780.03,2027-01-07 08:00:59,2027-01-31 23:59:59,Y
433,14,Julie,Miller,julie.miller.433@example.com,Lawyer,143682.67,2027-01-04 02:59:12,2027-01-31 23:59:59,Y
434,22,Tina,Fox,tina.fox.434@example.com,"Administrator, local government",133105.6,2027-01-12 13:32:19,2027-01-31 23:59:59,Y
435,22,Gail,Brown,gail.brown.435@example.com,Environmental consultant,66048.19,2027-01-25 15:48:22,2027-01-31 23:59:59,Y
436,20,Michele,Moore,michele.moore.436@example.com,"Engineer, maintenance (IT)",133140.02,2027-01-26 17:59:58,2027-01-31 23:59:59,Y
437,9,Tommy,Gonzales,tommy.gonzales.437@example.com,Automotive engineer,44028.71,2027-01-16 18:55:04,2027-01-31 23:59:59,Y
438,18,Emily,Hughes,emily.hughes.438@example.com,"Designer, blown glass/stained glass",103155.66,2027-01-21 21:09:34,2027-01-24 21:09:34,Y
439,25,Joann,Bridges,joann.bridges.439@example.com,"Doctor, hospital",103700.46,2027-01-31 04:46:02,2027-01-31 23:59:59,Y
440,24,Hannah,Townsend,hannah.townsend.440@example.com,IT sales professional,97719.47,2027-01-23 10:13:24,2027-01-31 23:59:59,Y
441,14,Travis,Kirby,travis.kirby.441@example.com,Herbalist,92798.04,2027-01-16 19:29:30,2027-01-30 19:29:30,Y
442,8,Ellen,Campbell,ellen.campbell.442@example.com,Management consultant,119952.94,2027-01-04 16:30:11,2027-01-17 16:30:11,Y
443,4,Andrea,White,andrea.white.443@example.com,"Teacher, English as a foreign language",52530.99,2027-01-31 10:35:19,2027-01-31 23:59:59,Y
444,9,Veronica,Pratt,veronica.pratt.444@example.com,Production engineer,72808.38,2027-01-18 02:34:00,2027-01-24 02:34:00,Y
445,2,Gregory,Shaffer,gregory.shaffer.445@example.com,Housing manager/officer,81748.65,2027-01-27 17:35:06,2027-01-31 23:59:59,Y
446,6,Andre,Smith,andre.smith.446@example.com,Midwife,113799.8,2027-01-15 02:35:25,2027-01-31 23:59:59,Y
447,7,Edward,Garcia,edward.garcia.447@example.com,Licensed conveyancer,39888.31,2027-01-17 06:07:14,2027-01-31 23:59:59,Y
448,10,Hannah,Potts,hannah.potts.448@example.com,Politician's assistant,127498.95,2027-01-15 14:26:50,2027-01-31 23:59:59,Y
449,5,Susan,Smith,susan.smith.449@example.com,Quarry manager,49722.48,2027-01-29 09:55:11,2027-01-31 23:59:59,Y
450,20,Amy,West,amy.west.450@example.com,Secretary/administrator,84451.5,2027-01-08 21:39:13,2027-01-20 21:39:13,Y
67,14,Michael,Reyes,vpowers@example.com,Location manager,89339.02,2026-02-21 19:25:10,2027-01-07 11:41:41,Y
24,16,Ashley,Levy,patricia36@example.com,Information systems manager,50586.7,2026-02-01 15:46:41,2027-01-13 18:01:34,Y
81,25,Kathryn,Ross,danielrivera@example.net,Information systems manager,74547.92,2026-01-25 17:51:05,2027-01-19 11:03:12,Y
137,3,Katherine,Stone,maria09@example.org,"Teacher, English as a foreign language",75051.08,2026-01-19 15:22:45,2027-01-19 12:01:10,Y
74,21,Ashley,Taylor,juansmith@example.net,"Surveyor, hydrographic",40573.49,2026-05-08 12:50:38,2027-01-22 10:16:17,Y
